6fe4.pdb,0,F,NA,A,9.6e-09
5w08.pdb,0,K,L,C,4e-08
2ny3.pdb,0,D,C,A,8.15e-07
6h7o.pdb,0,D,NA,B,1.4000000000000003e-10
1nca.pdb,0,H,L,N,8.30e-09
4ypg.pdb,0,H,L,D,4.3999999999999997e-11
5toj.pdb,0,E,NA,B,2.3e-08
2vxs.pdb,0,J,N,D,2.10e-09
2oqj.pdb,0,E,D,F,2.00e-04
4fqr.pdb,0,a,b,A,1.0000000000000001e-07
5y7z.pdb,0,D,NA,B,1.5400000000000002e-08
2ny0.pdb,0,D,C,A,2.32e-07
6ii9.pdb,0,H,L,A,1.94e-08
4f9p.pdb,0,D,d,B,1.5000000000000002e-08
4j8r.pdb,0,B,A,I,2e-08
5zia.pdb,0,G,L,R,3e-07
2r56.pdb,0,I,M,B,1.30e-09
1g6v.pdb,0,K,NA,A,7.20e-08
2qhr.pdb,0,H,L,P,4.10e-08
4lmq.pdb,0,E,I,F,9.230000000000001e-10
5nqw.pdb,0,C,NA,B,1.4e-09
5mi0.pdb,0,B,C,A,4.0999999999999994e-07
1vfb.pdb,0,B,A,C,3.70e-09
2p42.pdb,0,D,NA,C,2.30e-08
3hi6.pdb,0,H,L,A,4.70e-06
1oau.pdb,0,J,N,J,2.00e-08
4ypg.pdb,0,B,A,C,4.3999999999999997e-11
3q3g.pdb,0,K,J,L,4.97e-09
3t0w.pdb,0,NA,A,A,5.0000000000000004e-08
5drz.pdb,0,H,L,P,4.4000000000000005e-09
2vwe.pdb,0,E,C,A,1.14e-10
1q72.pdb,0,H,L,H,1.4e-07
3idy.pdb,0,H,L,G,4.04e-09
1mh5.pdb,0,H,L,H,6.100000000000001e-10
5m2m.pdb,0,J,NA,I,1.5000000000000002e-09
2x89.pdb,0,A,NA,D,4.40e-08
1zea.pdb,0,H,L,A,6e-06
3dvn.pdb,0,B,A,Y | X,9.20e-08
4kro.pdb,0,B,NA,A,2.7600000000000004e-07
5a2i.pdb,0,H,h,P,8.8e-06
3eob.pdb,0,H,L,I,2.20e-09
2h9g.pdb,0,H,L,S,5.00e-09
1sy6.pdb,0,H,L,A,2.73e-06
5xmh.pdb,0,H,L,A,0.00015999999999999999
5tkj.pdb,0,J,K,L,7.150000000000001e-09
3etb.pdb,0,I,i,M,3.50e-11
5drz.pdb,0,B,A,Q,4.4000000000000005e-09
3ifp.pdb,0,E,F,S,2.45e-08
5myk.pdb,0,B,A,C,9.9e-10
2ntf.pdb,0,H,L,H,3.00e-07
4xgz.pdb,0,C,D,c,2.4000000000000003e-08
6bf4.pdb,0,B,C,A,1.78e-07
4dn4.pdb,0,H,L,M,3.8e-11
4fqr.pdb,0,w,x,W,1.0000000000000001e-07
5ip4.pdb,0,A,NA,E,4.51e-07
5toj.pdb,0,F,NA,C,2.3e-08
4yhp.pdb,0,H,L,P,2e-09
5mev.pdb,0,H,L,A,1e-07
4mhj.pdb,0,K,J,G,1e-09
4f9l.pdb,0,d,D,A,6.600000000000001e-08
5u7o.pdb,0,H,L,G,7.3e-08
3uc0.pdb,0,I,M,B,1.30e-09
5c0s.pdb,0,H,L,A,7.700000000000001e-09
3iu3.pdb,0,A,B,K,1.40e-10
1kxq.pdb,0,G,NA,B,3.50e-09
4khx.pdb,0,H,L,A,4.2e-09
1ngw.pdb,0,B,A,B,2.07e-08
4m5z.pdb,0,H,L,A,5e-09
1jps.pdb,0,H,L,T,1.00e-10
2fjg.pdb,0,H,L,W,2.00e-08
4hj0.pdb,0,C,D,B,2.3e-08
4f3f.pdb,0,B,A,C,7.2e-10
5nh3.pdb,0,I,M,B,9.73e-10
3fku.pdb,0,U,u,H | G,1.30E-10
2z92.pdb,0,A,B,A,1.11e-08
4x7f.pdb,0,D,NA,B,2.8000000000000003e-08
4yhp.pdb,0,E,F,,2e-09
4zs6.pdb,0,C,D,B,3.12e-07
1n7m.pdb,0,L,H,L,1.96e-06
3ogo.pdb,0,G,NA,B,1.40e-09
4z5r.pdb,0,W,V,F,1.8e-11
6bit.pdb,0,J,L,G,2.6e-09
5kov.pdb,0,C,c,A,1.8700000000000004e-09
2qr0.pdb,0,R,Q,P,7.80e-09
5bo1.pdb,0,I,M,A,7.900000000000001e-10
4n8c.pdb,0,H,L,X,4.0000000000000007e-10
5u8q.pdb,0,H,L,A,2.4e-06
1dbb.pdb,0,H,L,H,1e-09
6bli.pdb,0,D,E,F,5.200000000000001e-10
3sqo.pdb,0,H,L,A,5e-12
5dmi.pdb,0,H,L,A,9.100000000000001e-10
4m8q.pdb,0,A,B,S,3.96e-09
4kxz.pdb,0,N,M,E,3.0000000000000004e-09
6h06.pdb,0,E,F,J,5.6e-06
4cmh.pdb,0,B,C,A,2.0000000000000003e-10
5vm0.pdb,0,B,NA,B,1.6000000000000003e-09
3ikc.pdb,0,B,A,B,3.5e-08
5o2u.pdb,0,D,NA,C,6.9e-10
5aaw.pdb,0,K,k,L,4.320000000000001e-09
3eoa.pdb,0,H,L,I,2.20e-09
4m1g.pdb,0,H,L,B | A,1.4400000000000002e-08
6mu3.pdb,0,H,L,H,7e-07
4xi5.pdb,0,D,C,B | A,4.900000000000001e-10
5dwu.pdb,0,H,L,A | B,4.9e-08
3n85.pdb,0,H,L,A,7.90e-10
3uaj.pdb,0,C,D,B,2.9e-09
5i5k.pdb,0,X,Y,A,1.7600000000000003e-11
2nyy.pdb,0,D,C,A,2.48e-12
3eo1.pdb,0,H,G,I,2.50e-10
5boz.pdb,0,I,NA,C,7e-10
6bb4.pdb,0,I,M,Q,1.5400000000000002e-08
5kzp.pdb,0,F,J,C,7e-08
5icx.pdb,0,B,A,,1.1e-07
4iof.pdb,0,E,F,B,4e-09
2hkf.pdb,0,H,L,P,3.10e-07
5n88.pdb,0,A,NA,D,1.0129999999999999e-06
6azk.pdb,0,B,A,,2.2999999999999996e-06
5kzp.pdb,0,H,L,A,7e-08
5dyo.pdb,0,H,L,A,6.1e-11
1dzb.pdb,0,A,a,X,5.20e-07
5alb.pdb,0,H,L,L,1.9600000000000002e-11
5hgg.pdb,0,T,NA,A,5.4e-11
5hys.pdb,0,A,B,G,3.8899999999999996e-11
5m63.pdb,0,H,L,L,1.0999999999999999e-07
5xxy.pdb,0,H,L,A,9.960000000000001e-09
2vis.pdb,0,B,A,C,4.00e-06
4nm8.pdb,0,H,L,B | A,2.5e-09
4aei.pdb,0,H,L,A,8.000000000000001e-10
2y06.pdb,0,H,L,P,8e-07
1igj.pdb,0,D,C,D,4.17e-11
1ob1.pdb,0,B,A,C,2.00e-10
5mes.pdb,0,H,L,A,3.4000000000000003e-07
4kv5.pdb,0,J,I,B,1.7000000000000001e-09
5e7f.pdb,0,B,NA,H,9.1e-09
5m2m.pdb,0,H,NA,G,1.5000000000000002e-09
5esq.pdb,0,B,A,,1.6000000000000001e-06
5d1q.pdb,0,B,A,E,1.3e-11
3nfp.pdb,0,H,L,I,2.70e-10
4jan.pdb,0,A,B,I,2e-08
5o0w.pdb,0,H,NA,D,7.382999999999999e-11
5fv2.pdb,0,A,NA,X,7.1699999999999995e-12
2vxs.pdb,0,K,O,C,2.10e-09
3hzm.pdb,0,B,A,B,3e-06
3g5y.pdb,0,B,A,E,1.54e-07
1f90.pdb,0,H,L,E,1.19e-08
6ii8.pdb,0,J,K,E,3.8600000000000004e-07
2r23.pdb,0,B,A,B,0.00018999999999999998
4mhh.pdb,0,H,L,E,9.000000000000001e-10
4z5r.pdb,0,Z,Y,X,1.8e-11
1d6v.pdb,0,H,L,H,6.7e-07
3dvn.pdb,0,H,L,V | U,9.20e-08
5t6p.pdb,0,D,C,E,8.8e-07
5tfw.pdb,0,H,L,O,1.64e-11
1uwx.pdb,0,H,L,P,1.60e-06
3gm0.pdb,0,a,A,A,1.7e-08
2jix.pdb,0,H,L,E,3.00e-08
2r0z.pdb,0,H,L,Q,3.40e-06
4d9r.pdb,0,H,L,A,4e-12
3lrh.pdb,0,NA,G,H,4.5000000000000006e-08
3hae.pdb,0,H,L,A | C,4.60e-08
5t1l.pdb,0,D,C,,2.4e-07
5xwd.pdb,0,H,D,A,5.900000000000001e-09
5t29.pdb,0,H,L,O,3.7900000000000004e-10
1ind.pdb,0,H,L,H,2.50e-10
3b2u.pdb,0,F,G,E,1.00e-09
3c09.pdb,0,H,L,D,4.30e-08
3nh7.pdb,0,K,O,D,2.00e-08
5boz.pdb,0,G,NA,A,7e-10
3etb.pdb,0,F,f,J,3.50e-11
6b3s.pdb,0,J,K,I,1.2000000000000002e-08
2a6k.pdb,0,H,L,P,2.0999999999999997e-07
3lrh.pdb,0,NA,A,B,4.5000000000000006e-08
4etq.pdb,0,H,L,C,1.8e-10
1f4x.pdb,0,H,L,H,2.56e-06
6bf4.pdb,0,H,L,G,1.78e-07
5tz2.pdb,0,H,L,C,1.1200000000000003e-09
3mac.pdb,0,H,L,A,2.00E-07
5yoy.pdb,0,P,M,K,1.8e-11
3h42.pdb,0,H,L,B | A,4.00E-12
1hez.pdb,0,D,C,E,1.45e-07
1jgl.pdb,0,H,L,L,2e-09
5eoc.pdb,0,J,M,Q,3.03e-08
1zv5.pdb,0,A,NA,L,1.00e-08
4gxu.pdb,0,M,N,A,6.24e-09
6h06.pdb,0,H,L,I,5.6e-06
4f9l.pdb,0,c,C,B,6.600000000000001e-08
3gjf.pdb,0,H,L,A | C,6.30e-08
4am0.pdb,0,C,D,T,4.2e-10
4mhj.pdb,0,H,L,A,1e-09
4aei.pdb,0,I,M,B,8.000000000000001e-10
6cmg.pdb,0,C,B,A,2.74e-08
4odx.pdb,0,H,B,X,2.0600000000000003e-09
2fx8.pdb,0,J,N,R,3.02e-07
4onf.pdb,0,H,L,P,1.2e-09
4jpk.pdb,0,H,L,A,4.4000000000000004e-08
6mhr.pdb,0,A,B,C,2.2000000000000002e-08
2i60.pdb,0,H,L,G,6.240000000000001e-09
3ijh.pdb,0,B,A,B,9.999999999999999e-05
6cdp.pdb,0,A,B,C,1.64e-09
1mlc.pdb,0,B,A,E,9.10e-08
1ngw.pdb,0,H,L,H,2.07e-08
2ny1.pdb,0,D,C,A,2.02e-07
5imm.pdb,0,B,NA,A,3.5000000000000003e-09
3t0x.pdb,0,NA,A,A,1e-08
4wht.pdb,0,A,B,a,7.900000000000001e-09
4yk4.pdb,0,C,B,A,3.64e-07
4i2x.pdb,0,D,C,F,1.2e-06
4z9k.pdb,0,B,NA,A,2.2000000000000003e-09
4uil.pdb,0,H,L,H,5.8e-08
3l5w.pdb,0,B,A,J,5.40e-11
5ywy.pdb,0,H,L,A,5.9000000000000006e-08
5w08.pdb,0,I,J,B,4e-08
5aaw.pdb,0,D,d,E,4.320000000000001e-09
3t2n.pdb,0,H,L,A,3.98e-08
5yoy.pdb,0,Q,N,L,1.8e-11
6mub.pdb,0,M,K,M,1e-07
5vzy.pdb,0,H,L,A,3.2000000000000005e-09
2fjg.pdb,0,B,A,V,2.00e-08
2jb6.pdb,0,B,A,B,1.0999999999999999e-11
5vob.pdb,0,H,L,D | B,1.5e-10
5hyq.pdb,0,B,A,,1.5000000000000002e-07
2r1w.pdb,0,B,A,B,2.4999999999999998e-05
1kxt.pdb,0,B,NA,A,2.35e-07
4gxu.pdb,0,W,X,K,6.24e-09
3lrh.pdb,0,NA,O,P,4.5000000000000006e-08
1pz5.pdb,0,B,A,C,4.00e-06
3p0y.pdb,0,H,L,A,1.92e-09
4gxu.pdb,0,U,V,I,6.24e-09
6ani.pdb,0,I,M,,7.8e-09
5tzt.pdb,0,H,L,C,2.8700000000000002e-09
5my6.pdb,0,B,NA,A,3.9900000000000005e-09
1e6j.pdb,0,H,L,P,2.90e-08
4u6h.pdb,0,A,B,E,9.100000000000001e-11
4leo.pdb,0,A,B,C,5e-10
1w72.pdb,0,I,M,D | F,1.40e-08
6b3s.pdb,0,C,D,B,1.2000000000000002e-08
2oqj.pdb,0,B,A,C,2.00e-04
6a0z.pdb,0,H,L,A,5.3000000000000005e-08
6au5.pdb,0,D,C,,2.7e-06
6e63.pdb,0,H,L,P,3.7000000000000005e-09
3ve0.pdb,0,A,B,J | J | I,1.94e-06
4pgj.pdb,0,A,NA,B,2.6e-08
5xj3.pdb,0,J,K,L,1.82e-08
4wv1.pdb,0,B,A,C,2.6e-09
5wi9.pdb,0,H,L,A,8.6e-11
3qxt.pdb,0,B,NA,B,6e-06
6flb.pdb,0,H,L,G,1e-09
2vyr.pdb,0,E,NA,A,4.40e-08
1nl0.pdb,0,H,L,G,1.6000000000000003e-09
3lhp.pdb,0,H,L,S,7.50e-12
4kv5.pdb,0,G,K,D,1.7000000000000001e-09
5icy.pdb,0,D,C,,8.7e-06
4x7s.pdb,0,H,L,,1e-08
5gzo.pdb,0,C,D,B,1.6359999999999998e-07
3lqa.pdb,0,H,L,G | C,1.60e-06
6e63.pdb,0,B,C,A,3.7000000000000005e-09
3lh2.pdb,0,K,O,V,5.60e-09
3b2u.pdb,0,T,U,S,1.00e-09
5anm.pdb,0,H,L,F,1.95e-12
5zxv.pdb,0,C,D,B,5.7600000000000006e-08
6ii8.pdb,0,H,L,C,3.8600000000000004e-07
2vyr.pdb,0,G,NA,C,4.40e-08
5boz.pdb,0,J,NA,D,7e-10
2aep.pdb,0,H,L,A,1.20e-08
5zia.pdb,0,O,P,Q,3e-07
2i5y.pdb,0,R,Q,P,2.7e-09
4why.pdb,0,M,N,B,7.900000000000001e-09
3rkd.pdb,0,D,C,B,5.89e-09
3ifp.pdb,0,C,D,R,2.45e-08
5f3b.pdb,0,E,F,D,3e-12
1flr.pdb,0,H,L,L,5.00E-10
4iof.pdb,0,C,D,A,4e-09
1oau.pdb,0,H,L,H,2.00e-08
6bb4.pdb,0,J,N,R,1.5400000000000002e-08
3kdm.pdb,0,H,L,H,1.00e-07
3h3p.pdb,0,I,M,T,1.40e-08
5dmj.pdb,0,E,NA,D,5.3e-09
6h0e.pdb,0,C,D,G,2.4000000000000003e-07
1fl3.pdb,0,A,B,A,1.6e-07
2fl5.pdb,0,H,L,H,1.8000000000000002e-09
6b5r.pdb,0,H,L,A,1.69e-09
4g6f.pdb,0,H,L,P,1.7e-08
3uaj.pdb,0,H,L,A,2.9e-09
3nh7.pdb,0,H,L,A,2.00e-08
4wuu.pdb,0,E,D,A | C,1.32e-08
1tet.pdb,0,H,L,P,8.30e-07
5fv2.pdb,0,B,NA,V,7.1699999999999995e-12
3p9w.pdb,0,F,NA,E,1.6e-08
1c12.pdb,0,B,A,A,1.90e-09
4h88.pdb,0,H,L,A,2.9e-09
2cmr.pdb,0,H,L,A,5.00e-11
4jzj.pdb,0,H,L,C,4e-09
1dee.pdb,0,B,A,,4e-07
1bj1.pdb,0,H,L,W,3.40e-09
5t1l.pdb,0,B,A,,2.4e-07
3nfp.pdb,0,A,B,K,2.70e-10
2a6k.pdb,0,B,A,,2.0999999999999997e-07
5j57.pdb,0,B,NA,A,2.0000000000000002e-11
1mhh.pdb,0,D,C,,1e-09
4k3h.pdb,0,NA,E,E,1.4e-07
3e8u.pdb,0,H,L,P,2.00e-10
4idj.pdb,0,H,L,A,1.6999999999999998e-12
5a2j.pdb,0,H,h,P,1.4e-06
5ikc.pdb,0,B,A,M,2.7e-08
4p59.pdb,0,H,L,A,3.2e-11
3kr3.pdb,0,H,L,D,4.90e-11
5t5b.pdb,0,A,B,O,1.2300000000000001e-10
6b3s.pdb,0,F,G,E,1.2000000000000002e-08
4nm8.pdb,0,J,N,F | E,2.5e-09
5gkr.pdb,0,A,B,T,4.6100000000000004e-09
2jb6.pdb,0,H,L,H,1.0999999999999999e-11
5gzo.pdb,0,H,L,A,1.6359999999999998e-07
6bck.pdb,0,H,L,G,8.6e-10
2xzq.pdb,0,H,L,P,2.6e-07
4qti.pdb,0,H,L,U,1.7200000000000002e-08
3qxt.pdb,0,A,NA,A,6e-06
2fx9.pdb,0,H,L,P,1.70e-08
5zia.pdb,0,A,B,C,3e-07
3ggw.pdb,0,B,A,E,2.90e-06
4dkf.pdb,0,H,L,A,3.1000000000000005e-09
3qwo.pdb,0,H,L,P,8.70e-08
4gms.pdb,0,J,N,E,2e-08
4xgz.pdb,0,A,B,a,2.4000000000000003e-08
6and.pdb,0,H,L,,7.8e-09
5vyf.pdb,0,B,A,C,1.87e-10
5dmj.pdb,0,G,NA,F,5.3e-09
5kov.pdb,0,K,k,H,1.8700000000000004e-09
5tkj.pdb,0,A,B,C,7.150000000000001e-09
5kn5.pdb,0,D,E,F,1.02e-10
5zia.pdb,0,D,E,F,3e-07
4fqv.pdb,0,J,N,D | C,1.1000000000000001e-09
2c1p.pdb,0,B,A,B,4e-06
6cwt.pdb,0,C,D,F,2e-12
4hkx.pdb,0,A,B,E,3.6e-07
2vyr.pdb,0,I,NA,,4.40e-08
5sx4.pdb,0,H,L,N,3.4000000000000007e-10
3dvg.pdb,0,B,A,Y | X,8.70e-09
1i8i.pdb,0,B,A,C,2.2000000000000002e-08
1i8k.pdb,0,B,A,C,2.20e-08
1oau.pdb,0,K,NA,,2.00e-08
6ana.pdb,0,H,L,,9.000000000000001e-09
2a6i.pdb,0,B,A,P,1.20e-07
1aj7.pdb,0,H,L,H,1.35e-04
4fqr.pdb,0,m,n,M,1.0000000000000001e-07
6fe4.pdb,0,I,NA,D,9.6e-09
2zpk.pdb,0,I,M,Q,1.47e-06
4rdq.pdb,0,G,F,E,1.5000000000000002e-08
2pcp.pdb,0,D,C,C,2e-09
5czx.pdb,0,H,L,A,6e-10
4ala.pdb,0,H,L,C,4.7e-10
5tkj.pdb,0,G,H,I,7.150000000000001e-09
4x7d.pdb,0,C,NA,B,3.5000000000000003e-09
4g3y.pdb,0,H,L,C,8.7e-09
4kv5.pdb,0,H,L,A,1.7000000000000001e-09
1s3k.pdb,0,H,L,H,2.4e-07
6blh.pdb,0,H,L,G,4.0999999999999995e-09
3eo1.pdb,0,K,J,L,2.50e-10
6h7n.pdb,0,D,NA,B,3.5000000000000003e-09
5wux.pdb,0,C,D,G,2.7399999999999997e-11
4eiz.pdb,0,C,NA,B,3.0000000000000004e-09
2wub.pdb,0,R,Q,C,1.50e-07
3hae.pdb,0,O,N,J | M,4.60e-08
1n64.pdb,0,H,L,P,1.30e-09
4dgi.pdb,0,H,L,A,4.5e-07
5zxv.pdb,0,H,L,A,5.7600000000000006e-08
2or9.pdb,0,I,M,P,5.00e-07
1nby.pdb,0,B,A,C,9.09e-05
6d01.pdb,0,G,H,J,2.86e-07
5grj.pdb,0,H,L,A,4.21e-11
2fx8.pdb,0,I,M,Q,3.02e-07
4mhh.pdb,0,G,I,C,9.000000000000001e-10
5igx.pdb,0,H,L,G,7.110000000000001e-07
1hh6.pdb,0,B,A,C,1.00e-07
1etz.pdb,0,B,A,B,7.30e-08
5csz.pdb,0,H,L,D,1.7e-08
2y07.pdb,0,H,L,P,6e-07
4x7d.pdb,0,D,NA,A,3.5000000000000003e-09
2pcp.pdb,0,B,A,B,2e-09
2oqj.pdb,0,H,G,I,2.00e-04
2yk1.pdb,0,H,L,H,7.40e-09
6b08.pdb,0,C,B,A,1.6e-08
3etb.pdb,0,H,h,L,3.50e-11
1qyg.pdb,0,H,L,H,1.4e-07
1za3.pdb,0,H,L,R,3.40e-08
4ris.pdb,0,H,L,P,9e-07
1fe8.pdb,0,H,L,A,2e-06
4jg0.pdb,0,H,L,P,1.72e-07
6mnf.pdb,0,M,K,M,1.3e-06
6bli.pdb,0,A,B,C,5.200000000000001e-10
4u6v.pdb,0,K,M,B,1e-11
4rdq.pdb,0,O,N,D,1.5000000000000002e-08
3eo1.pdb,0,E,D,F,2.50e-10
4m1d.pdb,0,I,M,Q,2.3e-08
3nh7.pdb,0,J,N,C,2.00e-08
1oay.pdb,0,J,N,J,1.20e-06
4pou.pdb,0,B,NA,A,1.5700000000000002e-07
2jix.pdb,0,F,A,C | B,3.00e-08
3w2d.pdb,0,H,L,A,5.787000000000001e-10
4fqi.pdb,0,H,L,B | A,9e-10
1op9.pdb,0,A,NA,B,7.00e-10
3lrh.pdb,0,NA,C,D,4.5000000000000006e-08
4gxu.pdb,0,S,T,G,6.24e-09
4jn2.pdb,0,H,L,L,2.1e-12
5hhx.pdb,0,H,L,A,6.16e-09
5c0n.pdb,0,C,D,B,4.129999999999999e-06
4krp.pdb,0,B,NA,A,1.66e-07
2xqb.pdb,0,H,L,A,5.20e-11
5toj.pdb,0,D,NA,A,2.3e-08
5csz.pdb,0,A,B,E,1.7e-08
4k3h.pdb,0,NA,C,D,1.4e-07
5wt9.pdb,0,H,L,G,1.45e-09
6ayn.pdb,0,B,A,,9.199999999999998e-06
3fku.pdb,0,T,t,L | K,1.30E-10
6ii9.pdb,0,P,Q,E,1.94e-08
4gw1.pdb,0,D,C,,4.3e-07
4k9e.pdb,0,H,L,C,6.4e-12
3b2u.pdb,0,Q,R,P,1.00e-09
3eyu.pdb,0,H,L,Q,2.40e-08
5ush.pdb,0,D,E,A,1.5000000000000002e-09
5yoy.pdb,0,H,E,C,1.8e-11
1mlc.pdb,0,D,C,F,9.10e-08
3uyp.pdb,0,A,a,B,4.1e-06
2qr0.pdb,0,L,K,I,7.80e-09
4g6j.pdb,0,H,L,A,4.0999999999999995e-09
5usl.pdb,0,H,L,X,1.6000000000000003e-11
2fjh.pdb,0,B,A,W,3.80e-09
4am0.pdb,0,H,L,R,4.2e-10
5w08.pdb,0,O,P,E,4e-08
5utz.pdb,0,F,G,E,1.879e-09
6db9.pdb,0,H,L,R,7.08e-07
4dke.pdb,0,I,M,B,1.2e-10
4ybl.pdb,0,B,C,A,1.7000000000000003e-10
4xh2.pdb,0,G,I,g,6.000000000000001e-09
4x7e.pdb,0,C,NA,A,7.000000000000001e-09
4jan.pdb,0,H,L,G,2e-08
3mxw.pdb,0,H,L,A,7.00e-10
1zvy.pdb,0,A,NA,B,1.00e-10
1kxq.pdb,0,F,NA,C,3.50e-09
1p4b.pdb,0,H,L,P,4.00E-11
5czx.pdb,0,C,D,B,6e-10
2oqj.pdb,0,K,J,L,2.00e-04
2g2r.pdb,0,H,L,L,1.3e-08
4kxz.pdb,0,Q,P,D,3.0000000000000004e-09
5anm.pdb,0,D,C,E,1.95e-12
6mi2.pdb,0,D,E,F,6.900000000000001e-08
1kxv.pdb,0,C,NA,A,2.50e-08
3bgf.pdb,0,H,L,S,2.60e-08
3ifl.pdb,0,H,L,P,8.40e-09
4k3h.pdb,0,NA,B,A,1.4e-07
5o0w.pdb,0,G,NA,C,7.382999999999999e-11
2zpk.pdb,0,H,L,P,1.47e-06
4py8.pdb,0,I,J,B | A,1e-09
1fl6.pdb,0,H,L,H,2.50e-05
1hez.pdb,0,B,A,E,1.45e-07
3p0g.pdb,0,B,NA,A,8.4e-11
5iop.pdb,0,B,A,,2.9e-05
5c7x.pdb,0,H,L,A,4e-13
6df2.pdb,0,H,L,D,5.720000000000001e-08
3eyf.pdb,0,B,A,E,9.40e-08
1hh9.pdb,0,B,A,C,1.00e-05
5j56.pdb,0,B,NA,A,3.2000000000000005e-09
5aaw.pdb,0,H,h,I,4.320000000000001e-09
2p46.pdb,0,B,NA,A,1.16e-07
5wi9.pdb,0,F,E,B,8.6e-11
3a6c.pdb,0,H,L,Y,7.14e-09
1fl6.pdb,0,B,A,B,2.50e-05
2adj.pdb,0,B,A,,
1kxt.pdb,0,F,NA,E,2.35e-07
3q3g.pdb,0,D,C,G,4.97e-09
4jzj.pdb,0,A,B,D,4e-09
6ii9.pdb,0,M,N,C,1.94e-08
2vyr.pdb,0,K,NA,,4.40e-08
5kvf.pdb,0,H,L,E,3.2e-08
4kfz.pdb,0,D,NA,B,9.400000000000001e-08
5e8d.pdb,0,H,L,A,6.5e-09
5ush.pdb,0,H,L,X,1.5000000000000002e-09
3t0w.pdb,0,NA,B,A,5.0000000000000004e-08
4fqy.pdb,0,H,L,B | A,2.2000000000000003e-09
5id0.pdb,0,D,C,,1.7e-06
3fku.pdb,0,X,x,F | E,1.30E-10
5i5k.pdb,0,H,L,B,1.7600000000000003e-11
4mhj.pdb,0,W,V,S,1e-09
3ixt.pdb,0,H,L,P,2.41e-07
3eo1.pdb,0,B,A,C,2.50e-10
6bb4.pdb,0,H,L,P,1.5400000000000002e-08
2fjh.pdb,0,H,L,V,3.80e-09
2w9e.pdb,0,H,L,A,1.00e-10
1zmy.pdb,0,A,NA,L,5.20e-08
2fr4.pdb,0,H,L,N,4e-06
6eyo.pdb,0,H,L,A,2e-11
3ifp.pdb,0,H,L,P,2.45e-08
2hfg.pdb,0,H,L,R,6.00e-10
3idy.pdb,0,B,C,A,4.04e-09
4fqr.pdb,0,e,f,E,1.0000000000000001e-07
2vxs.pdb,0,H,L,B,2.10e-09
5fcu.pdb,0,H,L,G,6.000000000000001e-09
2b2x.pdb,0,H,L,A,1.72e-09
5o0w.pdb,0,F,NA,B,7.382999999999999e-11
4wht.pdb,0,G,H,g,7.900000000000001e-09
4hjj.pdb,0,H,NA,A,1.6e-10
3etb.pdb,0,G,g,K,3.50e-11
3i02.pdb,0,B,A,A,3e-08
5wux.pdb,0,A,B,F,2.7399999999999997e-11
2j6e.pdb,0,I,M,B,6e-07
4hlz.pdb,0,I,J,D | C,2e-09
6a67.pdb,0,C,D,B,1.004e-09
2mpa.pdb,0,H,L,P,9.1e-09
1m7d.pdb,0,B,A,A,5.9e-07
3l5x.pdb,0,H,L,A,2.69e-10
2r1y.pdb,0,B,A,B,3.1e-05
4fqr.pdb,0,s,t,S,1.0000000000000001e-07
5xj4.pdb,0,H,L,A,6.670000000000001e-10
1y0l.pdb,0,H,L,H,1e-09
4xgz.pdb,0,G,I,g,2.4000000000000003e-08
2vxq.pdb,0,H,L,A,1.10e-10
4j8r.pdb,0,D,C,J,2e-08
1jrh.pdb,0,H,L,I,1.42e-08
6b3k.pdb,0,H,L,R,1.2000000000000002e-07
5omn.pdb,0,C,NA,B,9.5e-09
5wtt.pdb,0,A,B,C,2.5e-07
4k3h.pdb,0,NA,F,E,1.4e-07
4zff.pdb,0,A,B,C,5e-09
2j5l.pdb,0,C,B,A,7.70e-08
3lhp.pdb,0,I,M,T,7.50e-12
5aaw.pdb,0,B,b,J,4.320000000000001e-09
2vxs.pdb,0,I,M,A,2.10e-09
3hi6.pdb,0,X,Y,B,4.70e-06
1mjj.pdb,0,H,L,H,1.83e-09
5w1m.pdb,0,D,C,T,1.63e-08
4r2g.pdb,0,N,M,A,3.4e-08
6b0g.pdb,0,D,C,E,3.1e-08
3eyf.pdb,0,D,C,F,9.40e-08
5czv.pdb,0,H,L,A,3e-10
4jfz.pdb,0,H,L,P,7.1e-08
2qr0.pdb,0,T,S,U,7.80e-09
5j74.pdb,0,B,b,b,1.9e-09
4gxu.pdb,0,Q,R,E,6.24e-09
3h3p.pdb,0,H,L,S,1.40e-08
1kxv.pdb,0,D,NA,B,2.50e-08
3o6m.pdb,0,H,L,C,3.30e-08
1dqj.pdb,0,B,A,C,2.86e-09
4gxu.pdb,0,O,P,C,6.24e-09
4g6f.pdb,0,B,D,F,1.7e-08
4fqr.pdb,0,q,r,Q,1.0000000000000001e-07
3lrh.pdb,0,NA,I,J,4.5000000000000006e-08
6b14.pdb,0,H,L,R,5e-09
5te6.pdb,0,H,L,G,2.59e-09
2fl5.pdb,0,F,E,F,1.8000000000000002e-09
4z5r.pdb,0,B,A,N,1.8e-11
5omm.pdb,0,C,NA,A | B,1.04e-08
6h06.pdb,0,C,D,G,5.6e-06
4zfo.pdb,0,H,L,K,2.1e-11
6e62.pdb,0,H,L,P,3.2000000000000005e-09
5hvg.pdb,0,B,NA,A,6.3e-10
2jel.pdb,0,H,L,P,3.70e-09
4rdq.pdb,0,M,L,C,1.5000000000000002e-08
2qr0.pdb,0,B,A,D,7.80e-09
5kve.pdb,0,H,L,E,3.5e-08
5usl.pdb,0,B,C,A,1.6000000000000003e-11
1nsn.pdb,0,H,L,S,1.00e-10
3eys.pdb,0,H,L,Q,3.00e-06
4jfx.pdb,0,B,A,,3.6000000000000005e-07
2r0l.pdb,0,H,L,A,1.46e-08
2qr0.pdb,0,F,E,C,7.80e-09
2nxz.pdb,0,D,C,A,5.29e-07
3ijy.pdb,0,B,A,B,9.1e-07
6ddr.pdb,0,B,A,C,9.4e-10
5o03.pdb,0,C,NA,A,6.000000000000001e-08
3ixt.pdb,0,A,B,C,2.41e-07
1p2c.pdb,0,B,A,C,9.80e-11
4dkf.pdb,0,I,M,B,3.1000000000000005e-09
5m2m.pdb,0,F,NA,A,1.5000000000000002e-09
1qfu.pdb,0,H,L,A,3.00E-09
6ehg.pdb,0,C,NA,B | A,2.4e-10
5xj3.pdb,0,A,B,C,1.82e-08
4x7e.pdb,0,D,NA,B,7.000000000000001e-09
5kw9.pdb,0,H,L,A,2.05e-08
4odx.pdb,0,A,L,Y,2.0600000000000003e-09
3vg9.pdb,0,C,B,A,4.4000000000000005e-09
6fe4.pdb,0,H,NA,C,9.6e-09
5sx5.pdb,0,J,K,M,1.15e-09
4fqr.pdb,0,k,l,K,1.0000000000000001e-07
5t1m.pdb,0,B,A,,1.5e-06
4zs6.pdb,0,H,L,A,3.12e-07
5aaw.pdb,0,A,a,C,4.320000000000001e-09
1bvk.pdb,0,B,A,C,1.40e-08
3ma9.pdb,0,H,L,A,1.00e-08
4hlz.pdb,0,K,L,F | E,2e-09
3i02.pdb,0,D,C,D,3e-08
4nm8.pdb,0,I,M,D | C,2.5e-09
4kv5.pdb,0,E,F,C,1.7000000000000001e-09
1nbz.pdb,0,B,A,C,1.06e-06
5t6l.pdb,0,A,B,G,2.85e-11
1cz8.pdb,0,Y,X,V,1.10e-10
5hyq.pdb,0,D,C,,1.5000000000000002e-07
6a67.pdb,0,H,L,A,1.004e-09
5w6g.pdb,0,H,L,A,2.12e-06
5e7f.pdb,0,C,NA,I,9.1e-09
5ff6.pdb,0,D,C,,9.499999999999999e-06
1kxq.pdb,0,H,NA,A,3.50e-09
5lhn.pdb,0,B,NA,A,1.12e-08
6mft.pdb,0,A,B,C,2.2999999999999996e-06
6aod.pdb,0,B,A,C,1.62e-10
5yhl.pdb,0,H,L,A,1.8000000000000002e-08
5tzt.pdb,0,A,B,D,2.8700000000000002e-09
3p11.pdb,0,H,L,A,2.55e-09
6h7n.pdb,0,C,NA,A,3.5000000000000003e-09
4jn2.pdb,0,B,A,A,2.1e-12
5d72.pdb,0,M,N,B,6e-12
1za3.pdb,0,B,A,S,3.40e-08
1yei.pdb,0,H,L,L,3.5e-08
2r8s.pdb,0,H,L,R,5.1e-08
2xtj.pdb,0,D,B,A,4.40e-09
5hys.pdb,0,E,F,J,3.8899999999999996e-11
1qfw.pdb,0,I,M,B,1e-08
4k3h.pdb,0,NA,D,D,1.4e-07
5dfv.pdb,0,C,D,A,5e-10
5y7z.pdb,0,C,NA,A,1.5400000000000002e-08
5t5b.pdb,0,H,L,E,1.2300000000000001e-10
5boz.pdb,0,L,NA,F,7e-10
6b3s.pdb,0,H,L,A,1.2000000000000002e-08
5xj3.pdb,0,G,H,I,1.82e-08
5hgg.pdb,0,S,NA,B,5.4e-11
6axp.pdb,0,D,C,,8.5e-06
1fsk.pdb,0,I,H,G,2.4e-10
6bkb.pdb,0,H,L,E,1.5000000000000002e-09
3b2u.pdb,0,N,O,M,1.00e-09
5t5f.pdb,0,H,L,A,1.9000000000000002e-10
6d6t.pdb,0,J,I,B,6.1e-09
5kzp.pdb,0,G,K,D,7e-08
2nz9.pdb,0,F,E,B,6.80e-12
5alc.pdb,0,H,L,L,7.400000000000001e-09
1dee.pdb,0,F,E,H,4e-07
4wen.pdb,0,B,NA,A,1e-07
4fqr.pdb,0,i,j,I,1.0000000000000001e-07
1etz.pdb,0,H,L,H,7.30e-08
1oay.pdb,0,NA,O,,1.20e-06
1tzi.pdb,0,B,A,V,1.00E-08
4kfz.pdb,0,C,NA,A,9.400000000000001e-08
3iu3.pdb,0,H,L,I,1.40e-10
5whk.pdb,0,H,L,A | B,1.8100000000000002e-09
2wuc.pdb,0,H,L,A,1.61e-07
2aeq.pdb,0,H,L,A,1.20e-08
5i8c.pdb,0,A,B,C,2.5000000000000002e-08
3iu3.pdb,0,C,D,J,1.40e-10
5icy.pdb,0,B,A,,8.7e-06
3rvw.pdb,0,D,C,A,1.8999999999999998e-08
6mi2.pdb,0,A,B,C,6.900000000000001e-08
3eba.pdb,0,A,NA,B,2.36e-09
4m1d.pdb,0,H,L,P,2.3e-08
3be1.pdb,0,H,L,A,2.60e-08
5jds.pdb,0,B,NA,A,3.0000000000000004e-09
2qr0.pdb,0,N,M,O,7.80e-09
4wht.pdb,0,X,Y,x,7.900000000000001e-09
2xra.pdb,0,H,L,A,3.30e-09
5wux.pdb,0,H,L,E,2.7399999999999997e-11
4xnm.pdb,0,B,A,D,8e-09
6axk.pdb,0,A,B,E,3.05e-07
5d1x.pdb,0,B,A,E,2.1e-11
3ijy.pdb,0,D,C,D,9.1e-07
4jkp.pdb,0,H,L,G,5.1e-08
2ny5.pdb,0,H,L,G,3.19e-07
4zpt.pdb,0,H,L,S,9.93e-09
2ypv.pdb,0,H,L,A,3e-11
4xgz.pdb,0,S,T,s,2.4000000000000003e-08
4etq.pdb,0,A,B,X,1.8e-10
5vm0.pdb,0,A,NA,A,1.6000000000000003e-09
1kxt.pdb,0,D,NA,C,2.35e-07
3eoa.pdb,0,B,A,J,2.20e-09
1mfd.pdb,0,H,L,H,4.9000000000000005e-06
3ubx.pdb,0,H,L,A,2.52e-08
3sdy.pdb,0,H,L,B | A,1.00E-09
1i8m.pdb,0,B,A,D,2.7e-06
1mh5.pdb,0,B,A,B,6.100000000000001e-10
5kzp.pdb,0,E,I,B,7e-08
6azz.pdb,0,F,E,D,6.7000000000000004e-09
5ghw.pdb,0,H,L,P,9.6e-09
3hae.pdb,0,I,G,D | F,4.60e-08
5bo1.pdb,0,H,L,B,7.900000000000001e-10
3nh7.pdb,0,I,M,B,2.00e-08
6ejg.pdb,0,D,d,B,8.100000000000001e-10
5kov.pdb,0,Q,q,N,1.8700000000000004e-09
6fgb.pdb,0,H,L,A | B,5.9e-11
2bmk.pdb,0,H,L,,2.4e-06
2a6d.pdb,0,H,L,,1.5e-07
4u6v.pdb,0,H,L,A,1e-11
5myx.pdb,0,B,A,E,6.85e-09
5d1x.pdb,0,C,D,E,2.1e-11
6cdm.pdb,0,A,B,C,8.050000000000001e-10
3i9g.pdb,0,H,L,L,1.10e-09
4mhj.pdb,0,T,X,M,1e-09
5cd5.pdb,0,C,D,A,2.89e-07
4xh2.pdb,0,J,K,j,6.000000000000001e-09
4dke.pdb,0,H,L,A,1.2e-10
4k2u.pdb,0,I,M,B,1.53e-11
4gw5.pdb,0,B,A,,3.5e-06
2ny7.pdb,0,H,L,G,3.64e-08
4xgz.pdb,0,E,F,e,2.4000000000000003e-08
4z5r.pdb,0,K,J,D,1.8e-11
3ngb.pdb,0,B,C,A,7.70e-09
3g6j.pdb,0,H,G,D | C,1.90e-09
1p2c.pdb,0,E,D,F,9.80e-11
3bpc.pdb,0,B,A,B,1.6e-05
3o6l.pdb,0,H,L,C,3.10e-08
2bjm.pdb,0,H,L,H,0.00019999999999999998
2c1p.pdb,0,H,L,H,4e-06
3b2u.pdb,0,H,L,A,1.00e-09
4zff.pdb,0,H,L,D,5e-09
2ny6.pdb,0,D,C,A,1.85e-08
5b71.pdb,0,D,C,F,1.5200000000000002e-10
4i3r.pdb,0,H,L,G,1.19e-08
2x89.pdb,0,C,NA,E | G,4.40e-08
3qxv.pdb,0,B,NA,B,4e-09
2fx8.pdb,0,H,L,P,3.02e-07
4i18.pdb,0,H,L,C,5.6e-09
6h06.pdb,0,A,B,K,5.6e-06
4j4p.pdb,0,H,L,A,4e-08
5j3h.pdb,0,C,D,E,2.5e-09
5etu.pdb,0,D,C,,0.00013
2vxt.pdb,0,H,L,I,5.33e-10
5tru.pdb,0,H,L,C,1.06e-08
4n9g.pdb,0,M,N,Z,3.26e-10
4xgz.pdb,0,U,V,u,2.4000000000000003e-08
1y0l.pdb,0,F,E,F,1e-09
3fku.pdb,0,S,s,J | I,1.30E-10
4nj9.pdb,0,H,L,H,1.08e-07
3ijh.pdb,0,D,C,C,9.999999999999999e-05
3qxv.pdb,0,D,NA,D,4e-09
1i7z.pdb,0,B,A,A,4e-07
3uyr.pdb,0,H,L,P,1.27e-07
3fn0.pdb,0,H,L,P,3.9999999999999996e-05
6df1.pdb,0,H,L,A,2.77e-07
4xh2.pdb,0,H,L,h,6.000000000000001e-09
2or9.pdb,0,H,L,P,5.00e-07
6azk.pdb,0,D,C,,2.2999999999999996e-06
3ghe.pdb,0,H,L,P,1.30e-06
4liq.pdb,0,H,L,E,2.0000000000000003e-10
4yhm.pdb,0,H,L,H,1.73e-10
4pgj.pdb,0,C,NA,D,2.6e-08
4zs7.pdb,0,H,L,A,2.1e-11
4why.pdb,0,I,J,A,7.900000000000001e-09
5myo.pdb,0,D,C,,2.93e-11
1axs.pdb,0,B,A,B,1.7e-08
5bk1.pdb,0,H,L,A,1.1000000000000001e-09
4wht.pdb,0,C,D,c,7.900000000000001e-09
4k3h.pdb,0,NA,H,G,1.4e-07
5hdq.pdb,0,H,L,A,1.2e-09
6fe4.pdb,0,J,NA,E,9.6e-09
5xj3.pdb,0,D,E,F,1.82e-08
5wtt.pdb,0,H,L,P,2.5e-07
6h7o.pdb,0,C,NA,A,1.4000000000000003e-10
6b0a.pdb,0,H,L,A,3.7000000000000005e-09
2xzc.pdb,0,H,L,L,2.30e-06
2bmk.pdb,0,B,A,,2.4e-06
3ngb.pdb,0,J,K,I,7.70e-09
1a4k.pdb,0,H,L,H,1.00e-08
4jlr.pdb,0,H,L,S,2.9899999999999995e-11
2j4w.pdb,0,H,L,D,6.00e-10
5utz.pdb,0,H,L,D,1.879e-09
3l5y.pdb,0,H,L,A,5.70e-12
5k59.pdb,0,E,F,B,2.5e-12
3g6j.pdb,0,F,E,B | A,1.90e-09
4f9p.pdb,0,C,c,A,1.5000000000000002e-08
3hi1.pdb,0,H,L,G,1.12e-08
5sx4.pdb,0,J,I,M,3.4000000000000007e-10
5n88.pdb,0,H,NA,E,1.0129999999999999e-06
3qxv.pdb,0,C,NA,C,4e-09
5dfv.pdb,0,E,F,B,5e-10
4o4y.pdb,0,H,L,A,1.55e-08
5aam.pdb,0,B,b,J,3.8e-09
3ubx.pdb,0,G,I,D,2.52e-08
5t1k.pdb,0,D,C,,5.3e-07
1mj7.pdb,0,H,L,H,4.500000000000001e-09
4m7j.pdb,0,H,L,H,7.81e-07
4wv1.pdb,0,E,D,F,2.6e-09
3ifp.pdb,0,A,B,Q,2.45e-08
5o05.pdb,0,C,NA,B,8.100000000000001e-10
5e7f.pdb,0,A,NA,G,9.1e-09
4jlr.pdb,0,A,B,C,2.9899999999999995e-11
3gkz.pdb,0,a,A,A,1e-08
4mhj.pdb,0,R,Q,O,1e-09
4hlz.pdb,0,G,H,B | A,2e-09
3ux9.pdb,0,B,b,A,7.47e-10
5o03.pdb,0,D,NA,B,6.000000000000001e-08
1yy9.pdb,0,D,C,A,2.30e-09
6mub.pdb,0,H,L,H,1e-07
1fsk.pdb,0,L,K,J,2.4e-10
5kov.pdb,0,U,u,T,1.8700000000000004e-09
5d8j.pdb,0,H,L,A,1.78e-09
5j74.pdb,0,A,a,a,1.9e-09
3g5v.pdb,0,B,A,C,8.50e-08
5jyl.pdb,0,D,d,C,8.7e-09
2j6e.pdb,0,H,L,A,6e-07
1oau.pdb,0,NA,M,,2.00e-08
3lev.pdb,0,H,L,A,6.00e-10
4ffy.pdb,0,H,L,A,1.8000000000000002e-08
4qci.pdb,0,H,L,C,2.8e-11
4wht.pdb,0,O,P,o,7.900000000000001e-09
1kel.pdb,0,H,L,H,3.70e-08
5dfw.pdb,0,H,h,A,5e-10
5cjq.pdb,0,H,L,B | A,5e-10
6mnf.pdb,0,H,L,,1.3e-06
5u4m.pdb,0,B,NA,A,3.9000000000000005e-10
4i2x.pdb,0,B,A,E,1.2e-06
5yoy.pdb,0,I,F,A,1.8e-11
5vpl.pdb,0,D,C,A,1.7e-08
5itf.pdb,0,B,A,,1.8e-06
5tru.pdb,0,h,l,c,1.06e-08
3wd5.pdb,0,H,L,A,1.1500000000000002e-10
6d01.pdb,0,E,F,J,2.86e-07
2eh8.pdb,0,H,L,P,1.10e-08
1i7z.pdb,0,D,C,C,4e-07
4m62.pdb,0,I,M,T,2.57e-09
4z5r.pdb,0,M,L,E,1.8e-11
3kdm.pdb,0,B,A,B,1.00e-07
5id1.pdb,0,B,A,,5.6e-07
3hzy.pdb,0,B,A,A,1e-07
4wht.pdb,0,U,V,u,7.900000000000001e-09
3lh2.pdb,0,I,M,T,5.60e-09
4n8c.pdb,0,I,M,Y,4.0000000000000007e-10
3zkq.pdb,0,D,NA,A,1.2e-09
4hwb.pdb,0,H,L,A,5.7e-10
3p9w.pdb,0,D,NA,C,1.6e-08
1nma.pdb,0,H,L,N,1.40e-08
5m2i.pdb,0,J,NA,E,5.400000000000001e-10
2fx8.pdb,0,K,O,S,3.02e-07
1oay.pdb,0,H,L,H,1.20e-06
5te4.pdb,0,H,L,G,9.900000000000001e-09
4xh2.pdb,0,C,D,c,6.000000000000001e-09
2ybr.pdb,0,G,H,I,2.1e-10
5e08.pdb,0,H,L,N,1e-08
2qr0.pdb,0,H,G,J,7.80e-09
4lu5.pdb,0,I,M,A,6.59e-11
3hae.pdb,0,T,S,P | R,4.60e-08
2wub.pdb,0,H,L,A,1.50e-07
2bdn.pdb,0,H,L,A,4.60e-12
1fe8.pdb,0,J,N,C,2e-06
4kht.pdb,0,H,L,A,4.3000000000000005e-09
4lu5.pdb,0,H,L,B,6.59e-11
1fsk.pdb,0,F,E,D,2.4e-10
3q3g.pdb,0,H,F,I,4.97e-09
4fqr.pdb,0,u,v,U,1.0000000000000001e-07
2jix.pdb,0,D,G,E,3.00e-08
5w1m.pdb,0,F,E,Q,1.63e-08
5do2.pdb,0,H,L,A,1.6200000000000002e-07
4z5r.pdb,0,U,T,I,1.8e-11
2fx7.pdb,0,H,L,P,2.00e-08
4kxz.pdb,0,H,L,A,3.0000000000000004e-09
6azl.pdb,0,B,A,,1.18e-05
5sv3.pdb,0,C,NA,D,6.27e-10
2r56.pdb,0,H,L,A,1.30e-09
6ddv.pdb,0,B,A,C,5.78e-09
5y80.pdb,0,B,NA,A,1.6200000000000002e-09
6flc.pdb,0,B,A,I,1.767e-07
4xgz.pdb,0,J,K,j,2.4000000000000003e-08
4wht.pdb,0,I,J,i,7.900000000000001e-09
2p49.pdb,0,B,NA,A,2.30e-08
4am0.pdb,0,E,F,Q,4.2e-10
3r1g.pdb,0,H,L,B,1.30e-09
3u0t.pdb,0,D,C,E,3e-10
3lrh.pdb,0,NA,E,F,4.5000000000000006e-08
5k59.pdb,0,H,L,A,2.5e-12
5e2w.pdb,0,H,L,P,3.1e-08
5e2v.pdb,0,H,L,P,8.310000000000001e-07
6cbp.pdb,0,A,a,P,7e-06
1h8s.pdb,0,B,b,,1.5399999999999999e-06
6axl.pdb,0,D,C,G,7.8e-08
1iqd.pdb,0,B,A,C,1.40e-11
6bli.pdb,0,J,K,L,5.200000000000001e-10
6h0e.pdb,0,E,F,J,2.4000000000000003e-07
4qyo.pdb,0,A,B,Q,6.000000000000001e-09
4k2u.pdb,0,H,L,A,1.53e-11
2vyr.pdb,0,H,NA,D,4.40e-08
2y6s.pdb,0,H,L,Q,1.0300000000000001e-07
6fe4.pdb,0,G,NA,B,9.6e-09
5otj.pdb,0,H,L,C,1.7000000000000003e-10
4m62.pdb,0,H,L,S,2.57e-09
4krl.pdb,0,B,NA,A,4.7000000000000004e-08
2p42.pdb,0,B,NA,A,2.30e-08
1bj1.pdb,0,K,J,V,3.40e-09
5w1m.pdb,0,H,G,S,1.63e-08
5c6t.pdb,0,H,L,A,1.3000000000000002e-10
6cdo.pdb,0,A,B,C,1.06e-09
4g6m.pdb,0,H,L,A,2.9e-10
4zfo.pdb,0,A,B,F,2.1e-11
4yho.pdb,0,H,L,H,1.8e-11
4qy8.pdb,0,A,B,Q,6.4e-08
4yhp.pdb,0,C,D,Q,2e-09
5c7x.pdb,0,M,N,B,4e-13
4rgo.pdb,0,H,L,S,7.900000000000001e-09
5do2.pdb,0,C,D,B,1.6200000000000002e-07
1bvk.pdb,0,E,D,F,1.40e-08
4gw1.pdb,0,B,A,,4.3e-07
4wht.pdb,0,S,T,s,7.900000000000001e-09
3ifo.pdb,0,A,B,Q,5.45e-08
4weu.pdb,0,E,NA,A,5.7e-06
5iop.pdb,0,D,C,,2.9e-05
1yym.pdb,0,H,L,G,9.48e-06
1oar.pdb,0,J,N,,4.00e-08
5sx5.pdb,0,H,L,N,1.15e-09
5kov.pdb,0,I,i,G,1.8700000000000004e-09
4u6h.pdb,0,C,D,J,9.100000000000001e-11
3qwo.pdb,0,A,B,C,8.70e-08
3iet.pdb,0,D,C,Q,1.4e-07
1qfw.pdb,0,H,L,A,1e-08
4bkl.pdb,0,A,B,E | G | F,2.74e-07
2nxy.pdb,0,D,C,A,7.90e-07
2e27.pdb,0,H,L,H,4.5000000000000005e-10
3uc0.pdb,0,H,L,A,1.30e-09
6b0e.pdb,0,B,A,E,4.1e-08
1i8m.pdb,0,H,L,T,2.7e-06
4jfx.pdb,0,H,L,P,3.6000000000000005e-07
5d72.pdb,0,H,L,A,6e-12
1tzh.pdb,0,B,A,W,1.80E-09
5j13.pdb,0,C,B,A,6e-11
5kov.pdb,0,O,o,M,1.8700000000000004e-09
5n7w.pdb,0,H,L,X,8e-08
4x7f.pdb,0,C,NA,A,2.8000000000000003e-08
3uzv.pdb,0,B,b,A,4.3e-10
6mft.pdb,0,H,L,G,2.2999999999999996e-06
4hs6.pdb,0,B,A,Z,3.0000000000000004e-08
5t1k.pdb,0,B,A,,5.3e-07
2r1x.pdb,0,B,A,B,1.6e-05
4hix.pdb,0,H,L,A,1.5100000000000002e-07
1oau.pdb,0,NA,O,,2.00e-08
4lqf.pdb,0,H,L,A,6.45e-11
6b0s.pdb,0,H,L,C,1.78e-07
5u7m.pdb,0,D,E,B,1.8000000000000002e-07
1ct8.pdb,0,B,A,D,3e-07
6mlk.pdb,0,H,L,A,1.3e-08
1h8s.pdb,0,A,a,a,1.5399999999999999e-06
2ybr.pdb,0,D,E,F,2.1e-10
5hvf.pdb,0,B,NA,A,3e-11
6f7t.pdb,0,B,A,D,3.6e-10
2vir.pdb,0,B,A,C,1.00e-09
1tzh.pdb,0,H,L,V,1.80E-09
5ivn.pdb,0,A,NA,B,1.4e-09
2i60.pdb,0,R,Q,P,6.240000000000001e-09
2fl5.pdb,0,D,C,D,1.8000000000000002e-09
5l6y.pdb,0,H,L,C,5.8e-11
6ii4.pdb,0,H,L,A,1.6600000000000003e-08
2p45.pdb,0,B,NA,A,1.16e-07
5t1m.pdb,0,D,C,,1.5e-06
5nmv.pdb,0,H,L,K,1e-09
4hjj.pdb,0,NA,L,,1.6e-10
4kro.pdb,0,D,C,A,2.7600000000000004e-07
5xjm.pdb,0,H,L,A,4.3e-10
2vyr.pdb,0,J,NA,A,4.40e-08
4xgz.pdb,0,H,L,h,2.4000000000000003e-08
5esq.pdb,0,D,C,,1.6000000000000001e-06
5gkr.pdb,0,C,D,,4.6100000000000004e-09
4xgz.pdb,0,W,X,w,2.4000000000000003e-08
6axl.pdb,0,A,B,I,7.8e-08
5o2u.pdb,0,B,NA,A,6.9e-10
5hys.pdb,0,H,L,I,3.8899999999999996e-11
4cni.pdb,0,H,L,C,1e-11
6h0e.pdb,0,H,L,I,2.4000000000000003e-07
4n9g.pdb,0,E,F,D,3.26e-10
4f37.pdb,0,H,L,A,5.5000000000000004e-09
5ngv.pdb,0,H,L,A,1.6e-11
1ri8.pdb,0,A,NA,B,2.90e-09
5kov.pdb,0,E,e,B,1.8700000000000004e-09
2vyr.pdb,0,L,NA,,4.40e-08
5mzv.pdb,0,D,NA,A,3.6000000000000005e-08
2g2r.pdb,0,B,A,A,1.3e-08
3ux9.pdb,0,D,d,C,7.47e-10
5th2.pdb,0,D,C,,2.9999999999999997e-05
5boz.pdb,0,H,NA,B,7e-10
4ybl.pdb,0,H,L,G,1.7000000000000003e-10
6b9j.pdb,0,A,B,Y,3.5e-10
6d01.pdb,0,A,B,I,2.86e-07
6d6u.pdb,0,J,I,B,6.1e-09
3uze.pdb,0,A,a,C,8e-09
4wht.pdb,0,M,N,m,7.900000000000001e-09
5m2m.pdb,0,N,NA,M,1.5000000000000002e-09
2r2b.pdb,0,B,A,B,6.3e-05
3l95.pdb,0,B,A,X,2.50e-09
3lh2.pdb,0,J,N,U,5.60e-09
3eob.pdb,0,B,A,J,2.20e-09
5lcv.pdb,0,H,L,A | B,8.4e-07
5dyo.pdb,0,A,B,H,6.1e-11
1yyl.pdb,0,H,L,G,4.00e-09
4i18.pdb,0,A,B,R,5.6e-09
3skj.pdb,0,H,L,E,8.10e-10
5w1m.pdb,0,B,A,R,1.63e-08
3b2u.pdb,0,C,D,B,1.00e-09
4d9r.pdb,0,E,D,B,4e-12
5fhx.pdb,0,H,NA,A,1.2e-11
5hpm.pdb,0,B,A,,7.4e-08
1wej.pdb,0,H,L,F,1.58e-08
5y11.pdb,0,A,B,C,2.59e-08
3ikc.pdb,0,D,C,C,3.5e-08
6bkd.pdb,0,H,L,E,1.13e-07
5t78.pdb,0,D,C,E,4.3e-08
6f7t.pdb,0,H,L,C,3.6e-10
4cni.pdb,0,A,B,D,1e-11
5w0k.pdb,0,H,L,A,6.880000000000001e-08
5b71.pdb,0,B,A,E,1.5200000000000002e-10
4gqp.pdb,0,h,H,H,2.5e-10
5id1.pdb,0,D,C,,5.6e-07
2uzi.pdb,0,H,L,R,6.20e-09
4hpy.pdb,0,H,L,P,1.2e-10
5bk1.pdb,0,C,D,B,1.1000000000000001e-09
4eig.pdb,0,B,NA,A,1e-09
1kxq.pdb,0,E,NA,D,3.50e-09
4r8w.pdb,0,H,L,B | A,1.8300000000000001e-10
6au5.pdb,0,B,A,,2.7e-06
2y6s.pdb,0,D,C,P,1.0300000000000001e-07
6ayn.pdb,0,D,C,,9.199999999999998e-06
4kze.pdb,0,H,L,R,2.5000000000000002e-08
5utz.pdb,0,B,C,A,1.879e-09
2ny2.pdb,0,D,C,A,1.23e-07
2r0k.pdb,0,H,L,A,6.00e-10
4qxt.pdb,0,A,B,Q,1.6e-08
5d71.pdb,0,H,L,A,6.5e-11
4fqj.pdb,0,H,L,A,9.000000000000001e-10
4zpt.pdb,0,A,B,R,9.93e-09
4r3s.pdb,0,A,B,Q,6.000000000000001e-09
1dee.pdb,0,D,C,G,4e-07
1y0l.pdb,0,B,A,A,1e-09
3k2u.pdb,0,H,L,A,1.60e-10
3a67.pdb,0,H,L,Y,5.62e-09
3t0x.pdb,0,NA,B,A,1e-08
1mfa.pdb,0,H,L,H,9.1e-06
2b2x.pdb,0,I,M,B,1.72e-09
5fhx.pdb,0,NA,L,,1.2e-11
2p4a.pdb,0,B,NA,A,1.80e-10
4z5r.pdb,0,Q,P,G,1.8e-11
5kn5.pdb,0,A,B,C,1.02e-10
5eoc.pdb,0,H,L,P,3.03e-08
2ybr.pdb,0,A,B,C,2.1e-10
4lar.pdb,0,H,L,L,2.07e-05
4hs8.pdb,0,H,L,A,1.2000000000000002e-08
4j4p.pdb,0,C,D,B,4e-08
3qxv.pdb,0,E,NA,E,4e-09
5tkk.pdb,0,H,L,A,5.2900000000000006e-09
1fsk.pdb,0,C,B,A,2.4e-10
4xgz.pdb,0,Q,R,q,2.4000000000000003e-08
2iff.pdb,0,H,L,Y,1e-08
1yym.pdb,0,R,Q,P,9.48e-06
4fqv.pdb,0,I,M,F | E,1.1000000000000001e-09
4wy7.pdb,0,H,L,P,1.67e-07
4hs6.pdb,0,H,L,Y,3.0000000000000004e-08
2a6d.pdb,0,B,A,P,1.5e-07
2ntf.pdb,0,B,A,B,3.00e-07
4w6w.pdb,0,B,NA,A,3.57e-09
4wem.pdb,0,B,NA,A,6.799999999999999e-06
4mhj.pdb,0,F,E,C,1e-09
3g6d.pdb,0,H,L,A,1.84e-11
3l95.pdb,0,H,L,Y,2.50e-09
3vw3.pdb,0,H,L,A | B | A,2.1999999999999998e-07
6mhr.pdb,0,D,E,F,2.2000000000000002e-08
4fqr.pdb,0,o,p,O,1.0000000000000001e-07
1w72.pdb,0,H,L,A | C,1.40e-08
1oar.pdb,0,H,L,,4.00e-08
1c5c.pdb,0,H,L,L,1.1e-07
3b2v.pdb,0,H,L,A,3.30e-09
3v6z.pdb,0,C,D,E,3.3e-09
4yhz.pdb,0,H,L,P,1.1000000000000001e-08
5o0w.pdb,0,E,NA,A,7.382999999999999e-11
3gjf.pdb,0,M,K,D | F,6.30e-08
5jhl.pdb,0,H,L,A,2.7e-09
4krp.pdb,0,D,C,A,1.66e-07
5w08.pdb,0,G,H,A,4e-08
2hrp.pdb,0,H,L,P,5.00e-09
1igj.pdb,0,B,A,B,4.17e-11
4nja.pdb,0,H,L,H,6.000000000000001e-07
4jg1.pdb,0,H,L,P,2.32e-07
5m2i.pdb,0,H,NA,A,5.400000000000001e-10
1dl7.pdb,0,H,L,L,3.2e-07
3uze.pdb,0,B,b,D,8e-09
5ip4.pdb,0,B,NA,D,4.51e-07
4gms.pdb,0,I,M,C,2e-08
6b9j.pdb,0,H,L,X,3.5e-10
4k94.pdb,0,H,L,C | C,6.3e-10
5vpg.pdb,0,D,C,A,1.9e-08
1fl3.pdb,0,H,L,L,1.6e-07
5nqw.pdb,0,D,NA,A,1.4e-09
5nh3.pdb,0,H,L,A,9.73e-10
6azl.pdb,0,D,C,,1.18e-05
1m7i.pdb,0,B,A,A,4e-06
3t2n.pdb,0,I,M,B,3.98e-08
6ejg.pdb,0,C,c,A,8.100000000000001e-10
5cin.pdb,0,H,L,P,1.8000000000000002e-08
3c09.pdb,0,C,B,A,4.30e-08
5yy4.pdb,0,A,a,B,3.7e-07
4lmq.pdb,0,H,L,D,9.230000000000001e-10
3q3g.pdb,0,B,A,E,4.97e-09
3ngb.pdb,0,E,F,D,7.70e-09
5w08.pdb,0,M,N,F,4e-08
4rgm.pdb,0,H,L,S,2.29e-08
5m2m.pdb,0,D,NA,B,1.5000000000000002e-09
2p46.pdb,0,D,NA,C,1.16e-07
1sm3.pdb,0,H,L,P,2.4e-05
1yej.pdb,0,H,L,L,3.5e-08
5c0n.pdb,0,H,L,A,4.129999999999999e-06
4gms.pdb,0,H,L,A,2e-08
5w08.pdb,0,Q,R,D,4e-08
5zia.pdb,0,H,I,J,3e-07
1gaf.pdb,0,H,L,H,1e-08
5myx.pdb,0,D,C,F,6.85e-09
3bgf.pdb,0,B,C,A,2.60e-08
4mhh.pdb,0,J,K,A,9.000000000000001e-10
6axp.pdb,0,B,A,,8.5e-06
5e8e.pdb,0,B,A,H,1.8000000000000002e-09
5dd0.pdb,0,H,L,P,8.37e-08
5aaw.pdb,0,F,f,G,4.320000000000001e-09
3p9w.pdb,0,B,NA,A,1.6e-08
4xgz.pdb,0,M,N,m,2.4000000000000003e-08
6ddm.pdb,0,B,A,C,4.2e-10
6d01.pdb,0,C,D,I,2.86e-07
4n9g.pdb,0,A,B,C,3.26e-10
3u0t.pdb,0,B,A,F,3e-10
3wih.pdb,0,H,L,A,1.9e-08
1mhh.pdb,0,B,A,,1e-09
3lrh.pdb,0,NA,M,N,4.5000000000000006e-08
4k3h.pdb,0,NA,A,A,1.4e-07
1ob1.pdb,0,E,D,F,2.00e-10
2fr4.pdb,0,B,A,M,4e-06
6mu3.pdb,0,M,K,M,7e-07
4rdq.pdb,0,K,J,B,1.5000000000000002e-08
4xh2.pdb,0,A,B,a,6.000000000000001e-09
3rkd.pdb,0,H,L,A,5.89e-09
5th2.pdb,0,B,A,,2.9999999999999997e-05
4am0.pdb,0,A,B,S,4.2e-10
2vwe.pdb,0,L,J,B,1.14e-10
5m2i.pdb,0,G,NA,B,5.400000000000001e-10
4k3h.pdb,0,NA,G,G,1.4e-07
5vag.pdb,0,C,B,A,9.400000000000001e-09
5u7m.pdb,0,H,L,G,1.8000000000000002e-07
5o05.pdb,0,D,NA,A,8.100000000000001e-10
5sv3.pdb,0,A,NA,B,6.27e-10
5tkj.pdb,0,D,E,F,7.150000000000001e-09
5cil.pdb,0,H,L,P,4.1e-08
4r2g.pdb,0,J,I,K,3.4e-08
6d6t.pdb,0,K,L,D,6.1e-09
2p4a.pdb,0,D,NA,C,1.80e-10
5d1q.pdb,0,C,D,E,1.3e-11
1mpa.pdb,0,H,L,P,9.1e-09
6cwt.pdb,0,A,B,E,2e-12
3l5w.pdb,0,H,L,I,5.40e-11
5myo.pdb,0,B,A,E,2.93e-11
6b5t.pdb,0,H,L,A,2.21e-09
4qci.pdb,0,B,A,D,2.8e-11
4dtg.pdb,0,H,L,K,7.299999999999999e-11
4np4.pdb,0,H,L,A,1.9e-11
3ogo.pdb,0,H,NA,B,1.40e-09
5n7w.pdb,0,A,B,Y,8e-08
1mjj.pdb,0,B,A,A,1.83e-09
4aei.pdb,0,J,N,C,8.000000000000001e-10
4wht.pdb,0,E,F,e,7.900000000000001e-09
5fv2.pdb,0,C,NA,W,7.1699999999999995e-12
6azz.pdb,0,C,B,A,6.7000000000000004e-09
5t78.pdb,0,B,A,F,4.3e-08
2nz9.pdb,0,D,C,A,6.80e-12
3p9w.pdb,0,H,NA,G,1.6e-08
4y8d.pdb,0,C,NA,A,8.9e-09
3bdy.pdb,0,H,L,V,3.00e-07
3lh2.pdb,0,H,L,S,5.60e-09
4eiz.pdb,0,D,NA,A,3.0000000000000004e-09
3fku.pdb,0,Y,y,B | A,1.30E-10
1f4y.pdb,0,H,L,H,8.33e-07
4m8q.pdb,0,H,L,C,3.96e-09
4fab.pdb,0,H,L,H,8.33e-09
6bit.pdb,0,I,K,H,2.6e-09
1fe8.pdb,0,I,M,B,2e-06
1oay.pdb,0,NA,M,,1.20e-06
4d9q.pdb,0,E,D,B,3e-11
1dzb.pdb,0,B,b,Y,5.20e-07
3bky.pdb,0,H,L,P,4.35e-07
1y0l.pdb,0,D,C,D,1e-09
4n9g.pdb,0,H,L,Y,3.26e-10
3ogo.pdb,0,F,NA,C,1.40e-09
5id0.pdb,0,B,A,,1.7e-06
3a6b.pdb,0,H,L,Y,1.08e-07
4k24.pdb,0,H,L,U,5.4e-07
3lrh.pdb,0,NA,K,L,4.5000000000000006e-08
3hi1.pdb,0,B,A,J,1.12e-08
6msy.pdb,0,H,L,H,1e-07
3uzq.pdb,0,A,a,B,8.200000000000001e-11
2fx9.pdb,0,I,M,Q,1.70e-08
5a2k.pdb,0,H,h,P,4.5e-07
4fqv.pdb,0,H,L,B | A,1.1000000000000001e-09
5anm.pdb,0,B,A,G,1.95e-12
5boz.pdb,0,K,NA,E,7e-10
4z5r.pdb,0,S,R,H,1.8e-11
2vyr.pdb,0,F,NA,B,4.40e-08
5zia.pdb,0,K,M,N,3e-07
2ny4.pdb,0,D,C,A,4.42e-07
3wih.pdb,0,I,M,B,1.9e-08
4uu9.pdb,0,A,B,C,1.4e-11
5t6p.pdb,0,B,A,F,8.8e-07
3ggw.pdb,0,D,C,F,2.90e-06
4w6y.pdb,0,B,NA,A,1.5800000000000001e-09
2dd8.pdb,0,H,L,S,2.00e-08
5m2i.pdb,0,K,NA,D,5.400000000000001e-10
6eyo.pdb,0,I,M,B,2e-11
5icz.pdb,0,D,C,,5e-06
6ii8.pdb,0,G,I,A,3.8600000000000004e-07
5hvg.pdb,0,D,NA,C,6.3e-10
6cdm.pdb,0,D,E,F,8.050000000000001e-10
3ru8.pdb,0,H,L,X,3.35e-08
5kvg.pdb,0,H,L,E,8.800000000000001e-09
6bli.pdb,0,G,H,I,5.200000000000001e-10
6flc.pdb,0,H,L,G,1.767e-07
5icx.pdb,0,D,C,,1.1e-07
4np4.pdb,0,I,M,A,1.9e-11
3ifo.pdb,0,H,L,P,5.45e-08
2qr0.pdb,0,X,W,V,7.80e-09
5icz.pdb,0,B,A,,5e-06
5ff6.pdb,0,B,A,,9.499999999999999e-06
1cz8.pdb,0,H,L,W,1.10e-10
3qxv.pdb,0,A,NA,A,4e-09
5w0k.pdb,0,E,F,C,6.880000000000001e-08
2h9g.pdb,0,B,A,R,5.00e-09
4fqr.pdb,0,c,d,C,1.0000000000000001e-07
5yoy.pdb,0,G,D,B,1.8e-11
4xgz.pdb,0,O,P,o,2.4000000000000003e-08
5w06.pdb,0,H,L,T,1.4000000000000003e-10
4yhp.pdb,0,A,B,,2e-09
5ies.pdb,0,H,L,C,3.6799999999999996e-07
4why.pdb,0,G,H,D,7.900000000000001e-09
3ogo.pdb,0,E,NA,A,1.40e-09
5itf.pdb,0,D,C,,1.8e-06
4wht.pdb,0,K,L,k,7.900000000000001e-09
4ffz.pdb,0,Z,Y,X,4.16e-07
6df2.pdb,0,B,A,C,5.720000000000001e-08
5m2j.pdb,0,D,NA,A,1.3000000000000002e-10
5bvp.pdb,0,H,L,I,3.05e-11
1oau.pdb,0,I,NA,,2.00e-08
4al8.pdb,0,H,L,C,4.5000000000000005e-10
4r2g.pdb,0,D,C,O,3.4e-08
5kov.pdb,0,W,w,S,1.8700000000000004e-09
4y8d.pdb,0,D,NA,B,8.9e-09
2fl5.pdb,0,B,A,B,1.8000000000000002e-09
3hzk.pdb,0,B,A,B,2e-07
4kxz.pdb,0,J,I,B,3.0000000000000004e-09
5jq6.pdb,0,H,L,A,7.900000000000001e-10
1uwx.pdb,0,M,K,Q,1.60e-06
3qsk.pdb,0,B,NA,A,1.00e-07
2jb5.pdb,0,H,L,H,6e-10
5w42.pdb,0,H,L,A,4.43e-08
4weu.pdb,0,D,NA,B,5.7e-06
5u7o.pdb,0,D,E,B,7.3e-08
3fku.pdb,0,Z,z,D | C,1.30E-10
2p44.pdb,0,B,NA,A,2.00e-08
1axs.pdb,0,H,L,H,1.7e-08
6ii4.pdb,0,E,F,C,1.6600000000000003e-08
3pp4.pdb,0,H,L,P,7.00e-06
5m2m.pdb,0,E,NA,C,1.5000000000000002e-09
5etu.pdb,0,B,A,,0.00013
4hj0.pdb,0,P,Q,A,2.3e-08
2p43.pdb,0,B,NA,A,2.30e-08
6ani.pdb,0,H,L,,7.8e-09
3hzv.pdb,0,B,A,A,3e-07
4d9q.pdb,0,H,L,A,3e-11
5jyl.pdb,0,B,b,A,8.7e-09
4f37.pdb,0,F,K,B,5.5000000000000004e-09
4r2g.pdb,0,Q,P,E,3.4e-08
2y36.pdb,0,H,L,P,3.7999999999999996e-07
4why.pdb,0,K,L,C,7.900000000000001e-09
2p47.pdb,0,B,NA,A,1.16e-07
3iet.pdb,0,B,A,X,1.4e-07
1yyl.pdb,0,R,Q,P,4.00e-09
4fqr.pdb,0,g,h,G,1.0000000000000001e-07
3b2u.pdb,0,J,K,I,1.00e-09
4uu9.pdb,0,H,L,D,1.4e-11
6e62.pdb,0,B,C,A,3.2000000000000005e-09
6b5o.pdb,0,H,L,A,4.66e-09
5xmh.pdb,0,D,C,B,0.00015999999999999999
2cgr.pdb,0,H,L,H,5.30e-08
5otj.pdb,0,B,A,D,1.7000000000000003e-10
2hrp.pdb,0,N,M,Q,5.00e-09
6bkc.pdb,0,H,L,E,8.000000000000001e-10
5f3b.pdb,0,A,B,C,3e-12
2i5y.pdb,0,H,L,G,2.7e-09
1a4k.pdb,0,B,A,B,1.00e-08
5imk.pdb,0,B,NA,A,8.5e-07
4wht.pdb,0,Q,R,q,7.900000000000001e-09
5utz.pdb,0,J,K,I,1.879e-09
1oar.pdb,0,K,O,K,4.00e-08
3ngb.pdb,0,H,L,G,7.70e-09
4ffz.pdb,0,H,L,A,4.16e-07
4xh2.pdb,0,E,F,e,6.000000000000001e-09
6h0e.pdb,0,A,B,K,2.4000000000000003e-07
1uz8.pdb,0,H,L,H,1.1e-05
3v6z.pdb,0,A,B,F,3.3e-09
4rgm.pdb,0,C,B,A,2.29e-08
3rvv.pdb,0,D,C,A,1.7e-08
5te7.pdb,0,H,L,G,2.8100000000000004e-09
3b2u.pdb,0,W,X,V,1.00e-09
4gw5.pdb,0,D,C,,3.5e-06
5yoy.pdb,0,R,O,J,1.8e-11
3skj.pdb,0,I,M,F,8.10e-10
5m2i.pdb,0,L,NA,F,5.400000000000001e-10
4xnm.pdb,0,H,L,C,8e-09
5m2i.pdb,0,I,NA,C,5.400000000000001e-10
5t6l.pdb,0,H,L,I,2.85e-11
5m63.pdb,0,M,N,N,1.0999999999999999e-07
4yk4.pdb,0,Z,Y,E,3.64e-07
5aam.pdb,0,A,a,C,3.8e-09
1eo8.pdb,0,H,L,A,8.90e-09
4k3j.pdb,0,H,L,B,1.2e-09
3mj9.pdb,0,H,L,A,7.69e-09
1uz8.pdb,0,B,A,H,1.1e-05
4uin.pdb,0,H,L,H,2.4000000000000003e-08
6ejm.pdb,0,I,i,A,8.6e-10
5ikc.pdb,0,H,L,N,2.7e-08
1oar.pdb,0,I,M,I,4.00e-08
4od2.pdb,0,B,A,S,9.200000000000001e-10
5hys.pdb,0,C,D,K,3.8899999999999996e-11
3q1s.pdb,0,H,L,I,7.30E-08
5d70.pdb,0,H,L,A,2e-09
5hpm.pdb,0,D,C,,7.4e-08
2p48.pdb,0,B,NA,A,1.16e-07
4zfg.pdb,0,H,L,A,5e-09
5dmj.pdb,0,B,NA,A,5.3e-09
5vyf.pdb,0,H,L,F,1.87e-10
4rdq.pdb,0,I,H,A,1.5000000000000002e-08
5sy8.pdb,0,H,L,O,1.1199999999999999e-11
3idx.pdb,0,H,L,G,4.04e-09
4ps4.pdb,0,H,L,A,5.7e-12
1ct8.pdb,0,D,C,D,3e-07
5kvd.pdb,0,H,L,E,2.66e-07
2x89.pdb,0,B,NA,F,4.40e-08
6d6u.pdb,0,K,L,D,6.1e-09
6ejm.pdb,0,H,h,B,8.6e-10
6ejm.pdb,0,H,h,B,8.6e-10
